{
    "Extra_information": [
      {
        "id": "01418112",
        "name_En_suB": "Fundamental Programming Concepts",
        "name_Th_suB": "แนวคิดการโปรแกรมเบื้องต้น",
        "Credit": 3,
        "Grade": "A+",
        "Year_for_std": 1,
        "Term": 1,
        "isShow": false
      },
      {
        "id": "01999111",
        "name_En_suB": "Knowledge of the Land",
        "name_Th_suB": "ศาสตร์แห่งแผ่นดิน",
        "Credit": 2,
        "Grade": "A+",
        "Year_for_std": 1,
        "Term": 1,
        "isShow": false
      },
      {
        "id": "01418141",
        "name_En_suB": "Intellectual Properties and Professional Ethics",
        "name_Th_suB": "ทรัพย์สินทางปัญญาและจรรยาบรรณวิชาชีพ",
        "Credit": 3,
        "Grade": "A+",
        "Year_for_std": 1,
        "Term": 1,
        "isShow": false
      },
      {
        "id": "01418111",
        "name_En_suB": "Introduction to Computer Science",
        "name_Th_suB": "วิทยาการคอมพิวเตอร์เบื้องต้น",
        "Credit": 2,
        "Grade": "A+",
        "Year_for_std": 1,
        "Term": 1,
        "isShow": false
      },
      {
        "id": "01417111",
        "name_En_suB": "Calculus I",
        "name_Th_suB": "แคลคูลัส I",
        "Credit": 3,
        "Grade": "A+",
        "Year_for_std": 1,
        "Term": 1,
        "isShow": false
      },
      {
        "id": "02999144",
        "name_En_suB": "Life Skill for Undergraduate Student",
        "name_Th_suB": "ทักษะชีวิตการเป็นนิสิตมหาวิทยาลัย",
        "Credit": 1,
        "Grade": "A+",
        "Year_for_std": 1,
        "Term": 1,
        "isShow": false
      },
      {
        "id": "01355102",
        "name_En_suB": "English for University Life",
        "name_Th_suB": "ภาษาอังกฤษในมหาวิทยาลัย",
        "Credit": 3,
        "Grade": "A+",
        "Year_for_std": 1,
        "Term": 1,
        "isShow": false
      },
      {
        "id": "01999021",
        "name_En_suB": "Thai Language for Communication",
        "name_Th_suB": "ภาษาไทยเพื่อการสื่อสาร",
        "Credit": 3,
        "Grade": "A+",
        "Year_for_std": 1,
        "Term": 1,
        "isShow": false
      }
    ]
  }